manufacturer,tool,problem
Agor,Multi-tool Cutter,Replace multiple cutting setups with one versatile solution
Agor,Tri-Creaser,Eliminate cracking on creased materials across all stock weights
Agor,Section-Score,Eliminate torn signatures from inadequate factory scoring
Agor,Gripper Boss,Save thousands per year on historic roller regripping
Agor,Micro Perforator,Inconsistent micro-perforations creating unprofessional tear-offs
Agor,Pharma-Score,Specialized scoring for delicate pharmaceutical materials
Agor,CP Applicator,Unique close proximity creasing and perforating capability
B R Moll,Micro Perforator,Achieve clean flat micro-perforations for professional results
B R Moll,Tri-Creaser,Revolutionary fiber cracking elimination for perfect folding
Baumfolder,Gripper Boss,Save thousands per year on historic roller regripping
Baumfolder,Tri-Creaser,Fiber cracking destroying coated stock production quality
Baumfolder,Micro Perforator,Poor quality perforations causing sheet jamming in laser printers
Baumfolder,Multi-tool Cutter,Replace multiple cutting setups with one versatile solution
Baumfolder,Section-Score,Replace weak OEM scoring with 3x deeper impressions
Baumfolder,Pharma-Score,Specialized scoring preventing pharmaceutical leaflet damage
Baumfolder,CP Applicator,Unique close proximity creasing and perforating capability
Digibook,Quad-Creaser,Book covers splitting and cracking during perfect binding production
Duplo,Tri-Creaser,Prevent fiber cracking on Duplo DC616 digital production
Duplo,Spine-Creaser,Eliminate offline cover creasing bottlenecks completely & crease covers inline without cracking
Econocrease,Tri-Creaser,Stop quality issues and rework from fiber cracking
Ga Vehren,Tri-Creaser,Stop quality issues and rework from fiber cracking
Goss,Quad-Creaser,Book covers splitting and cracking during perfect binding production
Graphic Whizard,Tri-Creaser,Stop quality issues and rework from fiber cracking
GUK,Gripper Boss,Save thousands per year on historic roller regripping
GUK,Tri-Creaser,Fiber cracking destroying coated stock production quality
GUK,Micro Perforator,Poor quality perforations causing sheet jamming in laser printers
GUK,Multi-tool Cutter,Replace multiple cutting setups with one versatile solution
GUK,Section-Score,Replace weak OEM scoring with 3x deeper impressions
GUK,Pharma-Score,Specialized scoring preventing pharmaceutical leaflet damage
GUK,CP Applicator,Unique close proximity creasing and perforating capability
Harris Binding,Quad-Creaser,Book covers splitting and cracking during perfect binding production
Harris Stitching,Spine-Creaser,Eliminate offline cover creasing bottlenecks completely & crease covers inline without cracking
Heidelberg Binding,Quad-Creaser,Book covers splitting and cracking during perfect binding production
Heidelberg Stahlfolder,Gripper Boss,Save thousands per year on historic roller regripping
Heidelberg Stahlfolder,Tri-Creaser,Fiber cracking destroying coated stock production quality
Heidelberg Stahlfolder,Micro Perforator,Poor quality perforations causing sheet jamming in laser printers
Heidelberg Stahlfolder,Section-Score,Replace inadequate Heidelberg scoring with 3x deeper impressions
Heidelberg Stahlfolder,Multi-tool Cutter,Replace multiple cutting setups with one versatile solution
Heidelberg Stahlfolder,Pharma-Score,Specialized scoring preventing pharmaceutical leaflet damage
Heidelberg Stahlfolder,CP Applicator,Unique close proximity creasing and perforating capability
Heidelberg Stitching,Spine-Creaser,Eliminate offline cover creasing on your Heidelberg saddle stitcher & crease covers inline without cracking
Herzog Heymann,Gripper Boss,Save thousands per year on historic roller regripping
Herzog Heymann,Tri-Creaser,Fiber cracking destroying coated stock production quality
Herzog Heymann,Micro Perforator,Poor quality perforations causing sheet jamming in laser printers
Herzog Heymann,Multi-tool Cutter,Replace multiple cutting setups with one versatile solution
Herzog Heymann,Section-Score,Replace weak OEM scoring with 3x deeper impressions
Herzog Heymann,Pharma-Score,Specialized scoring preventing pharmaceutical leaflet damage
Herzog Heymann,CP Applicator,Unique close proximity creasing and perforating capability
Hohner,Spine-Creaser,Inline cover creasing saving thousands in outsourcing
Horizon Binding,Quad-Creaser,Eliminate fiber cracking on high-speed Horizon Perfect Binder production
Horizon Folding,Gripper Boss,Save thousands per year on historic roller regripping
Horizon Folding,Tri-Creaser,Fiber cracking destroying coated stock production quality
Horizon Folding,Micro Perforator,Poor quality perforations causing sheet jamming in laser printers
Horizon Folding,Multi-tool Cutter,Replace multiple cutting setups with one versatile solution
Horizon Folding,Section-Score,Replace weak OEM scoring with 3x deeper impressions
Horizon Folding,Pharma-Score,Specialized scoring preventing pharmaceutical leaflet damage
Horizon Folding,CP Applicator,Unique close proximity creasing and perforating capability
Horizon Stitching,Spine-Creaser,Transform cover quality without expensive offline processing
Ibis,Quad-Creaser,Book covers splitting and cracking during perfect binding production
Kluge,Tri-Creaser,Fiber cracking destroying coated stock production quality
Kolbus,Quad-Creaser,Professional book cover creasing eliminating fiber cracking
Longford,Tri-Creaser,Inline cover creasing saving thousands in outsourcing
Macey,Spine-Creaser,Eliminate offline cover creasing bottlenecks completely & crease covers inline without cracking
MB Bauerle,Gripper Boss,Save thousands per year on historic roller regripping
MB Bauerle,Tri-Creaser,Fiber cracking destroying coated stock production quality
MB Bauerle,Micro Perforator,Poor quality perforations causing sheet jamming in laser printers
MB Bauerle,Multi-tool Cutter,Replace multiple cutting setups with one versatile solution
MB Bauerle,Section-Score,Replace weak OEM scoring with 3x deeper impressions
MB Bauerle,Pharma-Score,Specialized scoring preventing pharmaceutical leaflet damage
MB Bauerle,CP Applicator,Unique close proximity creasing and perforating capability
MBO,Gripper Boss,Save thousands per year on historic roller regripping
MBO,Tri-Creaser,Fiber cracking destroying coated stock production quality
MBO,Micro Perforator,Poor quality perforations causing sheet jamming in laser printers
MBO,Multi-tool Cutter,Replace multiple cutting setups with one versatile solution
MBO,Section-Score,Replace weak OEM scoring with 3x deeper impressions
MBO,Pharma-Score,Specialized scoring preventing pharmaceutical leaflet damage
MBO,CP Applicator,Unique close proximity creasing and perforating capability
Meccanotecnica Binding,Quad-Creaser,Book covers splitting and cracking during perfect binding production
Meccanotecnica Sewing,Spine-Creaser,Inline cover creasing saving thousands in outsourcing
Morgana,Micro Perforator,Achieve clean flat micro-perforations for professional results
Morgana,Tri-Creaser,Enhance Morgana AutoCreaser output with zero fiber cracking
Mulitigraf,Multi-tool Cutter,Replace multiple cutting setups with one versatile solution
Mulitigraf,Tri-Creaser,Eliminate cracking on creased materials across all stock weights
Mulitigraf,Section-Score,Eliminate torn signatures from inadequate factory scoring
Mulitigraf,Gripper Boss,Save thousands per year on historic roller regripping
Mulitigraf,Micro Perforator,Inconsistent micro-perforations creating unprofessional tear-offs
Mulitigraf,Pharma-Score,Specialized scoring for delicate pharmaceutical materials
Mulitigraf,CP Applicator,Unique close proximity creasing and perforating capability
Muller Martini Binding,Quad-Creaser,Book covers splitting and cracking during perfect binding production
Muller Martini Stitching,Spine-Creaser,Perfect inline cover creasing for Muller-Martini Saddle Stitcher
Osako Stitching,Spine-Creaser,Eliminate offline cover creasing bottlenecks completely & crease covers inline without cracking
Petrato,Tri-Creaser,Fiber cracking destroying coated stock production quality
Petrato,Multi-tool Cutter,Replace multiple cutting setups with one versatile solution
Pierce,Tri-Creaser,Fiber cracking destroying coated stock production quality
Pierce,Multi-tool Cutter,Replace multiple cutting setups with one versatile solution
Pratham,Gripper Boss,Save thousands per year on historic roller regripping
Pratham,Tri-Creaser,Fiber cracking destroying coated stock production quality
Pratham,Micro Perforator,Poor quality perforations causing sheet jamming in laser printers
Pratham,Multi-tool Cutter,Replace multiple cutting setups with one versatile solution
Pratham,Section-Score,Replace weak OEM scoring with 3x deeper impressions
Pratham,Pharma-Score,Specialized scoring preventing pharmaceutical leaflet damage
Pratham,CP Applicator,Unique close proximity creasing and perforating capability
Rigo,Quad-Creaser,Book covers splitting and cracking during perfect binding production
Rollem,Tri-Creaser,Eliminate cracking on creased materials across all stock weights
Rollem,Micro Perforator,Inconsistent micro-perforations creating unprofessional tear-offs
Rosback,Tri-Creaser,Eliminate cracking on creased materials across all stock weights
Rosback,Gripper Boss,Save thousands per year on historic roller regripping
Rosback,Micro Perforator,Inconsistent micro-perforations creating unprofessional tear-offs
Rotoscore,Tri-Creaser,Eliminate cracking on creased materials across all stock weights
Sheridan,Spine-Creaser,Eliminate offline cover creasing bottlenecks completely & crease covers inline without cracking
Shoei,Gripper Boss,Save thousands per year on historic roller regripping
Shoei,Tri-Creaser,Fiber cracking destroying coated stock production quality
Shoei,Micro Perforator,Poor quality perforations causing sheet jamming in laser printers
Shoei,Multi-tool Cutter,Replace multiple cutting setups with one versatile solution
Shoei,Section-Score,Replace weak OEM scoring with 3x deeper impressions
Shoei,Pharma-Score,Specialized scoring preventing pharmaceutical leaflet damage
Shoei,CP Applicator,Unique close proximity creasing and perforating capability
Sigloch,Quad-Creaser,Book covers splitting and cracking during perfect binding production
Smyth,Spine-Creaser,Inline cover creasing saving thousands in outsourcing
UB,Quad-Creaser,Book covers splitting and cracking during perfect binding production
Uchida,Gripper Boss,Save thousands per year on historic roller regripping
Uchida,Tri-Creaser,Fiber cracking destroying coated stock production quality
Wohlenberg,Quad-Creaser,Professional book cover creasing eliminating fiber cracking
Zander,Tri-Creaser,Fiber cracking destroying coated stock production quality
