Manufacturer,Stock Code,Shaft Size,Outer Diameter,Compatible On,,,,,
Agor,CP-AP-QC/36-FP,36mm,58mm,,,,,,
Agor,EF-AG/28-FP,28mm,37.8mm,,,,,,
Agor,QC-GB-01,36mm,58mm,,,,,,
Agor,FF-36-FIX,36mm,58mm,,,,,,
Agor,FF-36-FP,36mm,58mm,,,,,,
Agor,PD-DEL-QC/36-FP,36mm,58mm,,,,,,
Agor,SHC-ADJ/03-FP,36mm,58mm,,,,,,
Agor,SHC-STA-ADJ/03-FP,36mm,58mm,,,,,,
Agor,MT-01 AGOR OPTION 1,36mm Exit Shaft,58mm,N/A,,,,,
Agor,MT-AGOR/CUTTING-OPTION-2,36mm Exit Shaft,58mm,N/A,,,,,
Agor,MT-01/COMBO 01,36mm Exit Shaft,58mm,N/A,,,,,
Agor,MT-01 (Agor),36mm Exit Shaft,58mm,N/A,,,,,
Agor,MT-CR/36-CAS,36mm Exit Shaft,58mm,N/A,,,,,
Agor,FF-36-DSF-SV,36mm Exit Shaft,58mm,N/A,,,,,
Bacciottini,EF-BAC-FP,59.5mm,94.5mm,,,,,,
Baumfolder,CP-AP-BF/22-FP,"22.24mm/7/8""","45mm/1¾""",,,,,,
Baumfolder,CP-AP-BF/28-FP,"28.58mm/1⅛""","55.87mm/2⅕""",,,,,,
Baumfolder,EF-BF/22-FP,"22.24mm/⅞""","45mm/1¾""",,,,,,
Baumfolder,EF-BF/28-FP,"28.58mm/1⅛""","55.87mm/2⅕""",,,,,,
Baumfolder,GB-BF/22,"22.24mm / ⅞""","45mm / 1¾""",,,,,,
Baumfolder,FF-BF/22-ECO,"22.24mm / ⅞""","45mm / 1¾""",,,,,,
Baumfolder,FF-BF/22-FP,"22.24mm / ⅞""","45mm / 1¾""",,,,,,
Baumfolder,FF-BF/22-FP-01,"22.24mm / ⅞""","45mm / 1¾""",,,,,,
Baumfolder,FF-BF/28-FP,"28.58mm / 1⅛""","55.87mm / 2 1/5""",,,,,,
Baumfolder,FF-BF/28-FP-01,"28.58mm / 1⅛""","55.87mm / 2 1/5""",,,,,,
Baumfolder,PD-DEL-BF/22-FP,"22.24mm / ⅞""","45mm / 1¾""",,,,,,
Baumfolder,PD-DEL-BF/28-FP,"28.58mm / 1 ⅛""","55.87mm / 2 1/5""",,,,,,
Baumfolder,MT-BF/28 OPTION 1,"28.58mm / 1⅛"" Exit Shaft","55.87mm / 2 1/5""",N/A,,,,,
Baumfolder,MT-BF/28/CUTTING-OPTION-2,"28.58mm / 1⅛"" Exit Shaft","55.87mm / 2 1/5""",N/A,,,,,
Baumfolder,MT-BF/COMBO-28-01,"28.58mm / 1⅛"" Exit Shaft","55.87mm/2 1/5""",N/A,,,,,
Baumfolder,MT-BF/COMBO-28,"28.58mm/1⅛"" Exit Shaft","55.87mm/2 1/5""",N/A,,,,,
Baumfolder,MT-BF/28,"28.58mm / 1⅛"" Exit Shaft","55.87mm / 2 1/5""",N/A,,,,,
Dick Moll,EF-DM/30-FP,29.62mm,50.29mm male/51.38mm female,,,,,,
Dick Moll,FF-DM-FIX-01,29.62mm,"2""/50.8mm",,,,,,
Dick Moll,FF-DM-FP-01,29.62mm,"2""/50.8mm",,,,,,
Dick Moll,PD-DEL-DM/30-FP,29.62mm,"2""/50.8mm",,,,,,
Dick Moll,FF-DM-DSF,29.62mm Exit Shaft,"2""/50.8mm",N/A,,,,,
Dick Moll,FF-DM-DSF-01-B,29.62mm Exit Shaft,"2""/50.8mm",N/A,,,,,
Duplo,FF-DU/DSF-FP-01,N/A,Male: 29.80mm / Female: 19.59mm,,,,,,
Duplo,FF-DU/DSF-FP-04,N/A,N/A,,,,,,
Duplo,SC-DU-01,26mm,58.45mm,Duplo iSaddle Cover Feeder,,,,,
Duplo,SC-DU-02,26mm,58.45mm,Duplo iSaddle Cover Feeder,,,,,
EconoCrease/Kluge,FF-EC-FP,"31.78mm / 1¼""","Male: 49.92mm / 1.9655"" / Female: 51.52mm / 2.0280""",,,,,,
Fidia,EF-FI/45-FP,45mm,64mm,,,,,,
Fidia,TC-DEL-FI/40-FP,40mm,60mm,,,,,,
Fidia,TC-DEL-FI/64-FP,64mm,92mm,,,,,,
Ga-Vehren,TC-DEL-GA/01-FP,"25.41mm/1""","50.62mm/2""",,,,,,
Ga-Vehren,FF-GA/01-FP-01,"25.41mm / 1""","50.24mm / 2""",,,,,,
Graphic Wizard,FF-GW-FP-01-B,Top: 4.74mm / Bottom: 19.05mm,Top: 30.00mm / Bottom: 31.74mm,,,,,,
GUK,CP-AP-HH/35-FP,35mm,58.25mm,,,,,,
GUK,CP-AP-SM/35-FP-GUK,35mm,59.4mm,,,,,,
GUK,EF-GU/35-FIX,35mm,59.4mm,,,,,,
GUK,EF-GU/35-FP,35mm,59.4mm,,,,,,
GUK,EF-HH/35-FP,35mm,58.25mm,,,,,,
GUK,EF-MB/20-FP,20mm,40mm,,,,,,
GUK,EF-ST/25-FP,25mm,44mm,,,,,,
GUK,FF-GU/35-FIX-01,35mm,59.4mm,,,,,,
GUK,FF-GU/35-FP-01,35mm,59.4mm,,,,,,
GUK,FF-HH/35-FP,35mm,58.25mm,,,,,,
GUK,FF-HH/35-FP-01,35mm,58.25mm,,,,,,
GUK,FF-MB/20-FP,20mm,40mm,,,,,,
GUK,FF-MB/20-FP-01,20mm,40mm,,,,,,
GUK,FF-ST/25-FP,25mm,44mm,,,,,,
GUK,FF-ST/25-FP-01,25mm,44mm,,,,,,
GUK,FF-ST/25-FP-01-B,25mm,44mm,,,,,,
GUK,PD-DEL-GU/35-FP,35mm,59.4mm,,,,,,
GUK,PD-DEL-HH/35-FP,35mm,58.25mm,,,,,,
GUK,PD-DEL-MB/20-FP,20mm,40mm,,,,,,
GUK,PD-DEL-ST/25-FP,25mm,44mm,,,,,,
GUK,SHC-GUK,35mm,59.4mm,,,,,,
GUK,MT-03/PERF-OPTION-1,25mm Exit Shaft,44mm,GUK (FA 35, FA 45),,,,
GUK,MT-03 OPTION 1,25mm Exit Shaft,44mm,GUK (Machines with widths between 47 & 55cm),,,,,
GUK,MT-GUK/35/PERF-OPTION-1,35mm Exit Shaft,59.4mm,GUK (SM 50/2, SM 54/4, SM 74/4, FA 50, FA 54, FA 74)
GUK,MT-GUK/PERF-OPTION-1,35mm Exit Shaft,59.4mm,GUK (SM 50/2, SM 54/4, SM 74/4, FA 50, FA 54, FA 74)
GUK,MT-HH/35/PERF-OPTION-1,35mm Exit Shaft,58.27mm,N/A,,,,,
GUK,MT-HH/35/PERF-OPTION-1,35mm Exit Shaft,58.27mm,N/A,,,,,
GUK,MT-MB/PERF-OPTION-1,20mm Exit Shaft,40mm,GUK (FA 36, FA 43),,,,
GUK,MT-03/CUTTING-OPTION-2,25mm Exit Shaft,44mm,GUK (FA 35, FA 45),,,,
GUK,MT-GUK/CUTTING-OPTION-2,35mm Exit Shaft,59.4mm,GUK (SM 50/2, SM 54/4, SM 74/4, FA 50, FA 54, FA 74)
GUK,MT-HH/35/CUTTING-OPTION-2,35mm Exit Shaft,58.27mm,N/A,,,,,
GUK,MT-MB/CUTTING-OPTION-2,20mm Exit Shaft,40mm,GUK (FA 36, FA 43),,,,
GUK,MT-03/COMBO,25mm Exit Shaft,44mm,GUK (Machines with widths between 47 & 55cm),,,,,
GUK,MT-03/COMBO-FIX,25mm Exit Shaft,44mm,GUK (Machines with widths between 47 & 55cm),,,,,
GUK,MT-03/COMBO-01,25mm Exit Shaft,44mm,GUK (Machines with widths between 47 & 55cm),,,,,
GUK,MT-03/COMBO-FIX-01,25mm Exit Shaft,44mm,GUK (Machines with widths between 47 & 55cm),,,,,
GUK,MT-GUK/COMBO,35mm Exit Shaft,59.4mm,GUK (SM 50/2, SM 54/4, SM 74/4, FA 50, FA 54, FA 74)
GUK,MT-GUK/COMBO-01,35mm Exit Shaft,59.4mm,GUK (SM 50/2, SM 54/4, SM 74/4, FA 50, FA 54, FA 74)
GUK,MT-03,25mm Exit Shaft,44mm,GUK (FA 35, FA 45),,,,
GUK,MT-03,25mm Exit Shaft,44mm,GUK (Machines with widths between 47 & 55cm),,,,,
GUK,MT-GUK/35,35mm Exit Shaft,59.4mm,GUK (SM 50/2, SM 54/4, SM 74/4, FA 50, FA 54, FA 74)
GUK,MT-HH/35,35mm Exit Shaft,58.27mm,N/A,,,,,
GUK,MT-HH/35,35mm Exit Shaft,58.25mm,N/A,,,,,
GUK,MT-MB,20mm Exit Shaft,40mm,GUK (FA 36, FA 43),,,,
GUK,MT-CR/25-CAS,25mm Exit Shaft,44mm,N/A,,,,,
GUK,MT-CR/25-CAS-01,25mm Exit Shaft,44mm,N/A,,,,,
GUK,MT-CR/GU-CAS,35mm Exit Shaft,59.40mm,N/A,,,,,
GUK,MT-CR/GU-CAS-01,35mm Exit Shaft,59.40mm,N/A,,,,,
GUK,EF-ST/25-DSF,25mm Exit Shaft,44mm,FA 35 FA 45,,,,,
GUK,EF-ST/25-FP-DSF-01-B,25mm Exit Shaft,44mm,FA 35 FA45,,,,,
GUK,FF-GU/35-DSF,35mm Exit Shaft,59.4mm,SM 50/2 FA 50 SM 54/4 FA 74 SM 74/4,,,,,
GUK,FF-GU/35-FP-DSF-01-B,35mm Exit Shaft,59.4mm,SM 50/2 FA 50 SM 54/4 FA 74 SM 74/4,,,,,
GUK,FF-ST/25-DSF,25mm Exit Shaft,44mm,FA 35 FA45,,,,,
GUK,FF-ST/25-FP-DSF-01-B,25mm Exit Shaft,44mm,FA 35 FA 45,,,,,
Harris,QC-DEL-UB/6-FP,"1½""","4""",UB Binder (Older Style),,,,,
Harris,QC-DEL-UB/6-FP-01,30mm,"2.986"" (75.84mm)",new style UB Binder,,,,,
Harris/Goss,QC-DEL-GO/6-FP,30mm,75.25mm,Goss UB Binder,,,,,
Heidelberg,SC-HD-01,10mm,53mm,ST 100 / 400 Stitching Machines,,,,,
Heidelberg,SC-HD-03,17mm,60mm,ST 100 / 400 Stitching Machines,,,,,
Heidelberg,SC-HD-02,N/A,N/A,ST 300 Stitching Machine,,,,,
Heidelberg,SC-HD-04,N/A,N/A,ST-350, ST-400 (late models), ST-450, ST-500,,
Heidelberg,SC-SH-01,N/A,N/A,Heidelberg Prosetter, Sheridan, Macey, Harris,,
Heidelberg/Stahl,CP-AP-SM/35-FP,35mm,58mm,,,,,,
Heidelberg/Stahl,CP-AP-ST/25-FP,25mm,44mm,,,,,,
Heidelberg/Stahl,EF-MB/20-FP,20mm,40mm,,,,,,
Heidelberg/Stahl,EF-ST/20-FP,20mm,36mm,,,,,,
Heidelberg/Stahl,EF-ST/25-FP,25mm,44mm,,,,,,
Heidelberg/Stahl,EF-ST/45-FP,45mm,75mm,,,,,,
Heidelberg/Stahl,EF-ST/50-FP,50mm,75mm,,,,,,
Heidelberg/Stahl,GB-SM/35-FP,35mm,58mm,,,,,,
Heidelberg/Stahl,GB-ST/25-FP,25mm,44mm,,,,,,
Heidelberg/Stahl,FF-MB/20-FP,20mm,40mm,,,,,,
Heidelberg/Stahl,FF-MB/20-FP-01,20mm,40mm,,,,,,
Heidelberg/Stahl,FF-SM/35-DSF,35mm,58mm,,,,,,
Heidelberg/Stahl,FF-SM/35-FIX,35mm,58mm,,,,,,
Heidelberg/Stahl,FF-SM/35-FIX-01,35mm,58mm,,,,,,
Heidelberg/Stahl,FF-SM/35-FP,35mm,58mm,,,,,,
Heidelberg/Stahl,FF-SM/35-FP-01,35mm,58mm,,,,,,
Heidelberg/Stahl,FF-ST/25-FIX-01,25mm,44mm,,,,,,
Heidelberg/Stahl,FF-ST/25-FIX-01-B,25mm,44mm,,,,,,
Heidelberg/Stahl,FF-ST/25-FP,25mm,44mm,,,,,,
Heidelberg/Stahl,FF-ST/25-FP-01,25mm,44mm,,,,,,
Heidelberg/Stahl,FF-ST/25-FP-01-B,25mm,44mm,,,,,,
Heidelberg/Stahl,PD-DEL-MB/20-FP,20mm,40mm,,,,,,
Heidelberg/Stahl,PD-DEL-SM/35-FP,35mm,58mm,,,,,,
Heidelberg/Stahl,PD-DEL-ST/25-FP,25mm,44mm,,,,,,
Heidelberg/Stahl,PD-DEL-ST/50-FP,50mm,75mm,,,,,,
Heidelberg/Stahl,PD-ST/MAILER-FP,8mm,48mm,,,,,,
Heidelberg/Stahl,SHC-04,35mm,58mm,,,,,,
Heidelberg/Stahl,SHC-ADJ/04-FP,35mm,58mm,,,,,,
Heidelberg/Stahl,SHC-STA-ADJ/04-FP,35mm,58mm,,,,,,
Heidelberg/Stahl,SHC-ST/25-01,25mm,44mm,,,,,,
Heidelberg/Stahl,SHC-STA-ADJ/25-FP,25mm,44mm,,,,,,
Heidelberg/Stahl,MT-02/PERF-OPTION-1,35mm Exit Shaft,58mm,Heidelberg/Stahl (Machines with widths between 56-80cms),,,,,
Heidelberg/Stahl,MT-02/PERF-OPTION-1,35mm Exit Shaft,58mm,Heidelberg/Stahl (Machines with widths between 56-80cms),,,,,
Heidelberg/Stahl,MT-03/PERF-OPTION-1,25mm Exit Shaft,44mm,Heidelberg/Stahl (Machines with widths between 47 & 55cms),,,,,
Heidelberg/Stahl,MT-03/PERF-OPTION-1,25mm Exit Shaft,44mm,Heidelberg/Stahl (Machines with widths between 47 & 55cms),,,,,
Heidelberg/Stahl,MT-MB/PERF-OPTION-1,20mm Exit Shaft,40mm,Heidelberg/Stahl (Heidelberg TA 52),,,,,
Heidelberg/Stahl,MT-02/CUTTING-OPTION-2,35mm Exit Shaft,58mm,Heidelberg/Stahl (Machines with widths between 56-80cms),,,,,
Heidelberg/Stahl,MT-03/CUTTING-OPTION-2,25mm Exit Shaft,44mm,Heidelberg/Stahl (Machines with widths between 47-55cms),,,,,
Heidelberg/Stahl,MT-MB/CUTTING-OPTION-2,20mm Exit Shaft,40mm,Heidelberg/Stahl (Heidelberg TA 52),,,,,
Heidelberg/Stahl,MT-02/COMBO,35mm Exit Shaft,58mm,Heidelberg/Stahl (Machines with widths between 56-80cms),,,,,
Heidelberg/Stahl,MT-02/COMBO-FIX,35mm Exit Shaft,58mm,Heidelberg/Stahl (Machines with widths between 56-80cms),,,,,
Heidelberg/Stahl,MT-02/COMBO-01,35mm Exit Shaft,58mm,Heidelberg/Stahl (Machines with widths between 56-80cms),,,,,
Heidelberg/Stahl,MT-02/COMBO-FIX-01,35mm Exit Shaft,58mm,Heidelberg/Stahl (Machines with widths between 56-80cms),,,,,
Heidelberg/Stahl,MT-02/COMBO-01B,35mm Exit Shaft,58mm,Heidelberg/Stahl (Machines with widths between 56-80cms),,,,,
Heidelberg/Stahl,MT-02/COMBO-FIX-01B,35mm Exit Shaft,58mm,Heidelberg/Stahl (Machines with widths between 56-80cms),,,,,
Heidelberg/Stahl,MT-03/COMBO,25mm Exit Shaft,44mm,Heidelberg/Stahl (Machines with widths between 47 & 55cm),,,,,
Heidelberg/Stahl,MT-03/COMBO-FIX,25mm Exit Shaft,44mm,Heidelberg/Stahl (Machines with widths between 47 & 55cm),,,,,
Heidelberg/Stahl,MT-03/COMBO-01,25mm Exit Shaft,44mm,Heidelberg/Stahl (Machines with widths between 47 & 55cm),,,,,
Heidelberg/Stahl,MT-03/COMBO-FIX-01,25mm Exit Shaft,44mm,Heidelberg/Stahl (Machines with widths between 47 & 55cm),,,,,
Heidelberg/Stahl,MT-02,35mm Exit Shaft,58mm,Heidelberg/Stahl (Machines with widths between 56-80cms),,,,,
Heidelberg/Stahl,MT-03,25mm Exit Shaft,44mm,Heidelberg/Stahl (Machines with widths between 47 & 55cm),,,,,
Heidelberg/Stahl,MT-MB,20mm Exit Shaft,40mm,Heidelberg/Stahl (Heidelberg TA 52),,,,,
Heidelberg/Stahl,MT-CR/25-CAS,25mm Exit Shaft,44mm,N/A,,,,,
Heidelberg/Stahl,MT-CR/25-CAS-01,25mm Exit Shaft,44mm,N/A,,,,,
Heidelberg/Stahl,MT-CR/35-CAS,35mm Exit Shaft,58mm,N/A,,,,,
Heidelberg/Stahl,MT-CR/35-CAS-FIX,35mm Exit Shaft,58mm,N/A,,,,,
Heidelberg/Stahl,MT-CR/35-CAS-01,35mm Exit Shaft,58mm,N/A,,,,,
Heidelberg/Stahl,EF-SM/35-DSF,35mm Exit Shaft,58mm,Stahl Machines with widths from 56-80cm,,,,,
Heidelberg/Stahl,EF-SM/35-FP-DSF-01-B,35mm Exit Shaft,58mm,Stahl & MBO Folding Machines with widths from 56 - 80cm,,,,,
Heidelberg/Stahl,EF-ST/25-DSF,25mm Exit Shaft,44mm,Machines with widths between 47 & 55cms,,,,,
Heidelberg/Stahl,EF-ST/25-FP-DSF-01-B,25mm Exit Shaft,44mm,Machines with widths between 47 & 55cms,,,,,
Heidelberg/Stahl,FF-SM/35-DSF,35mm Exit Shaft,58mm,Stahl & MBO Machines with widths 56 - 80cms,,,,,
Heidelberg/Stahl,FF-SM/35-FP-DSF-01-B,35mm Exit Shaft,58mm,Stahl & MBO Folding Machines with widths from 56 - 80cm,,,,,
Heidelberg/Stahl,FF-SM/35-LG-DSF,35mm Exit Shaft,58mm,Stahl & MBO Machines with widths 56 - 80cms,,,,,
Heidelberg/Stahl,FF-ST/25-DSF,25mm Exit Shaft,44mm,Machines with widths between 47 & 55cms,,,,,
Heidelberg/Stahl,FF-ST/25-FP-DSF-01-B,25mm Exit Shaft,44mm,Machines with widths between 47 & 55cms,,,,,
Herzog & Heymann,CP-AP-HH/35-FP,35mm,58.25mm,,,,,,
Herzog & Heymann,EF-HH/67.5-FP,50mm,67.5mm,,,,,,
Herzog & Heymann,EF-HH/67.5-FP-01,45mm,67.5mm,,,,,,
Herzog & Heymann,EF-HH/67.5-FP-02,45mm,67.5mm,,,,,,
Herzog & Heymann,EF-HH/25-FP,25mm,36.56mm,,,,,,
Herzog & Heymann,EF-HH/30-FIX,30mm,46mm,,,,,,
Herzog & Heymann,EF-HH/35-FP,35mm,58.27mm,,,,,,
Herzog & Heymann,FF-HH/20-FIX,20mm,32mm,,,,,,
Herzog & Heymann,FF-HH/25-FIX-01-B,25mm,36.56mm,,,,,,
Herzog & Heymann,FF-HH/30-FIX-01,30mm,46mm,,,,,,
Herzog & Heymann,FF-HH/35-FP-01,35mm,58.25mm,,,,,,
Herzog & Heymann,FF-HH/40-FIX,40mm,58.25mm,,,,,,
Herzog & Heymann,FF-HH/46-FIX,30mm,46mm,,,,,,
Herzog & Heymann,PD-DEL-HH/30-FP,30mm,46mm,,,,,,
Herzog & Heymann,PD-DEL-HH/35-FP,35mm,58.27mm,,,,,,
Herzog & Heymann,MT-HH/30/PERF-OPTION-1,30mm Exit Shaft,46mm,N/A,,,,,
Herzog & Heymann,MT-HH/30/PERF-OPTION-1,30mm Exit Shaft,46mm,N/A,,,,,
Herzog & Heymann,MT-HH/35/PERF-OPTION-1,35mm Exit Shaft,58.27mm,N/A,,,,,
Herzog & Heymann,MT-HH/35/PERF-OPTION-1,35mm Exit Shaft,58.27mm,N/A,,,,,
Herzog & Heymann,MT-HH/30/CUTTING-OPTION-2,30mm Exit Shaft,46mm,N/A,,,,,
Herzog & Heymann,MT-HH/35/CUTTING-OPTION-2,35mm Exit Shaft,58.25mm,N/A,,,,,
Herzog & Heymann,MT-HH/40/CUTTING-OPTION-2,40mm Exit Shaft,58.27mm,Herzog & Heymann (Herzog & Heymann Folding Machines with 40mm exit shafts),,,,,
Herzog & Heymann,MT-HH/45/CUTTING-OPTION-2,45mm Exit Shaft,67.47mm,N/A,,,,,
Herzog & Heymann,MT-HH/30,30mm Exit Shaft,46mm,N/A,,,,,
Herzog & Heymann,MT-HH/30,30mm Exit Shaft,46mm,N/A,,,,,
Herzog & Heymann,MT-HH/35,35mm Exit Shaft,58.27mm,N/A,,,,,
Herzog & Heymann,MT-HH/35,35mm Exit Shaft,58.25mm,N/A,,,,,
Herzog & Heymann,FF-HH/35-DSF,35mm Exit Shaft,58.27mm,N/A,,,,,
Herzog & Heymann,FF-HH/35-FP-DSF-01-B,35mm Exit Shaft,58.27mm,N/A,,,,,
Hohner,SC-HO-01,N/A,N/A,Hohner HSB 8000 Cover Feeder,,,,,
Hohner,SC-HO-02,N/A,N/A,Hohner HSB 10000-S Cover Feeder,,,,,
Horizon,CP-AP-HO/20-FP,20mm,50mm top/51mm bottom,,,,,,
Horizon,CP-AP-MF/30-FP,30mm,50mm,,,,,,
Horizon,EF-HO/25-FP,24.81mm,40mm,,,,,,
Horizon,EF-HO/30-FP,30mm,48mm,,,,,,
Horizon,EF-HO/50-FP,20mm,50mm,,,,,,
Horizon,EF-HO/65-FP,29.84mm,65mm,,,,,,
Horizon,EF-MF/30-FP,30mm,50mm,,,,,,
Horizon,HO-GB-01,20mm,50mm,,,,,,
Horizon,GB-MF/30-FP,30mm,50mm,,,,,,
Horizon,FF-HO/40.2-FP-01,24.8mm,40.2mm,,,,,,
Horizon,FF-HO/50-FP,20mm,Top: 51mm / Bottom: 50mm,,,,,,
Horizon,FF-HO/50-FP-B,20mm,Top: 51mm / Bottom: 50mm,,,,,,
Horizon,FF-HO/65-FP,29.84mm,65mm,,,,,,
Horizon,FF-MF/30-FP-01,30mm,50mm,,,,,,
Horizon,PD-DEL-HO/20-FP,20mm,50mm,,,,,,
Horizon,PD-DEL-MF/30-FP,30mm,50mm,,,,,,
Horizon,SHC-ADJ-MF/30-FP,30mm,50mm,,,,,,
Horizon,SHC-MF/30-01,30mm,50mm,,,,,,
Horizon,SC-HOR/25-FP-DSF-01,N/A,N/A,Horizon StitchLiner MkIII Machines,,,,,
Horizon,SC-HOR/25-FP,N/A,N/A,Horizon StitchLiner Models 5500 & 6000,,,,,
Horizon,QC-DEL-MPB/30-FP-5,30mm,50mm,Muller Martini Perfect Binders with Fixed Hinge,,,,,
Horizon,QC-HO-2S/25-FP-6,25mm,44mm,Horizon BQ models 470, 480 & 500,,,,
Horizon,MT-04/PERF-OPTION-1,30mm Exit Shaft,50mm,N/A,,,,,
Horizon,MT-04/PERF-OPTION-1,30mm Exit Shaft,50mm,N/A,,,,,
Horizon,MT-HO/PERF-OPTION-1,20mm Exit Shaft,50mm,N/A,,,,,
Horizon,MT-04/CUTTING-OPTION-2,30mm Exit Shaft,50mm,N/A,,,,,
Horizon,MT-HO/CUTTING-OPTION-2,20mm Exit Shaft,50mm,N/A,,,,,
Horizon,MT-04/COMBO,30mm Exit Shaft,50mm,N/A,,,,,
Horizon,MT-04/COMBO-FIX,30mm Exit Shaft,50mm,N/A,,,,,
Horizon,MT-04/COMBO-01,30mm Exit Shaft,50mm,N/A,,,,,
Horizon,MT-HO/COMBO,20mm Exit Shaft,50mm,N/A,,,,,
Horizon,MT-04,30mm Exit Shaft,50mm,N/A,,,,,
Horizon,MT-04,30mm Exit Shaft,50mm,N/A,,,,,
Horizon,MT-HO,20mm Exit Shaft,50mm,N/A,,,,,
Horizon,MT-HO/65,29.84mm Exit Shaft,65mm,"AFC-746,  AFC-744,  AFC-742 & AFC-762 machines",, AFC-742 & AFC-762 machines,,,
Horizon,MT-CR/30-CAS-01,30mm Exit Shaft,50mm,N/A,,,,,
Horizon,MT-CR/HO-20-CAS,20mm Exit Shaft,50mm,N/A,,,,,
Horizon,EF-MF/30-DSF,30mm Exit Shaft,50mm,AFC-566 FG,,,,,
Horizon,EF-MF/30-FP-DSF-01-B,30mm Exit Shaft,50mm,AFC-566 FG,,,,,
Horizon,FF-HO/20-DSF,20mm Exit Shaft,50mm,Most Horizon Folding Machines manufactured before 2012,,,,,
Horizon,FF-HO/20-FP-DSF-01-B,20mm Exit Shaft,Male: 51mm / Female: 50mm,Most Horizon Folding Machines manufactured before 2012,,,,,
Horizon,FF-MF/30-DSF,30mm Exit Shaft,50mm,AFC-566 FG Most Horizon Folding Machines manufactured since 2012,,,,,
Horizon,FF-MF/30-FP-DSF-01-B,30mm Exit Shaft,50mm,AFC-566 FG Most Horizon Folding Machines manufactured since 2012,,,,,
Kluge,FF-EC-FP,"31.75mm/1¼""","Male: 49.92mm/1.9655"" / Female: 51.52mm/2.0280""",,,,,,
Kolbus,QC-ADJ-KB/94-FP-01,30mm,94mm,KM410C, KM412, KM473, KM600,,
Kolbus,QC-ADJ-KB/94-FP-01,40mm,94mm,KM410C, KM412, KM473, KM600,,
Kolbus,QC-DEL-KB/26-6C-FP,26mm,60mm,Kolbus 470,,,,,
Kolbus,QC-DEL-KB/26-6C-FP-01,26mm,60mm,KM470, KM490, KM495,,,
Kolbus,QC-DEL-KB/26-FP-5-01,26mm,60mm,KM470, KM490, KM495,,,
Kolbus,QC-DEL-KB/26-FP-6-01,26mm,60mm,KM470, KM490, KM495,,,
Kolbus,QC-DEL-KB/26-FP-6,26mm,60mm,KM470, KM490, KM495,,,
Kolbus,QC-DEL-KB/26-FP-6,26mm,60mm,KM470, KM490, KM495,,,
Kolbus,QC-DEL-KB/114-FP-6,30mm,114mm,Kolbus 472, Kolbus 491,,,,
Kolbus,QC-DEL-KB/94-FP-6,30mm,94mm,Kolbus 473,,,,,
Kora,EF-KORA-01-FP,32mm,50mm,,,,,,
Longford,FF-LO-01,N/A,Male: 45mm / Female: 50.1mm,,,,,,
Müller Martini,PD-MU/BR-FP,N/A,N/A,,,,,,
Müller Martini,CC-MU-01,N/A,N/A,Muller Cover Feeder 1528 & 1529,,,,,
Müller Martini,CC-MU-01-A,N/A,N/A,Muller Cover Feeder 1294,,,,,
Müller Martini,SC-MU-02-Tempo,N/A,N/A,Müller Martini Tempo Cover feeder,,,,,
Müller Martini,SC-MU-02,N/A,N/A,Muller Cover Feeder 1553/4, Muller Primera E140, Muller 1528/29 Blue coloured cover feeders,,,
Müller Martini,SC-MU-03,N/A,N/A,Müller Cover Feeder Model 292,,,,,
Müller Martini,SC-MU-04,N/A,N/A,Muller Cover Feeder 0554.0400,,,,,
Müller Martini,SC-MU-05,N/A,N/A,Muller Cover Feeder 0507.0400 (2013 Models onwards), Muller Cover Feeder 0554.0401,,,,
Müller Martini,SC-MU-06,N/A,N/A,Müller Cover Feeder 1528.0444,,,,,
Müller Martini,TRI-WEB-04,Large: 45mm / Small: 45mm,Large: 104.45mm / Small: 76.65mm,Müller Martini Web Press,,,,,
Müller Martini,QC-DEL-MPB/30-FP-5,30mm,50mm,"Corona, Bolero, Acoro, Norm Binder, Star Binder",,,,,
Müller Martini,QC-MPB-2S/30-FP-6,30mm,50mm,Müller Martini RB5,,,,,
Müller Martini,QC-MU/AG-30-FP,Top Shaft: 30mm / Bottom Shaft: 30mm,Top Shaft: 50mm / Bottom Shaft: 80mm,Müller Martini Amigo Plus Binding Machine,,,,,
Müller Martini,QC-MU/ALE-FP-6,48mm,96mm,Muller Martini Alegro Perfect Binders with 48mm tooling shafts,,,,,
Müller Martini,QC-MU/PA-FP-6-01-DC,Top shaft: 30mm / Bottom Shaft: 30mm,Top shaft: 80mm / Bottom Shaft: 80mm,Müller Panda 2 & Tigra Binders,,,,,
Müller Martini,QC-MU/PA-FP-6-01,Top Shaft: 30mm / Bottom Shaft: 30mm,Top Shaft: 80mm / Bottom Shaft: 80mm,Müller Panda 2 & Tigra Binders,,,,,
Müller Martini,QC-MU/PA-FP-6,Top Shaft: 5mm / Bottom Shaft: 30mm,Top Shaft: 25mm / Bottom Shaft: 80mm,Müller Martini 2-Shaft Panda Binder,,,,,
Müller Martini,QC-MU/PAN-FP-6,30mm,85mm,Müller Martini Pantera Binder,,,,,
Müller Martini,QC-MU/PO-FP-6,Top Shaft: 16mm / Bottom Shaft: 30mm,Top Shaft: 25mm / Bottom Shaft: 80mm,Müller Pony Binder,,,,,
Müller Martini,QC-MU/SIG-FP-6,Top Shaft: 30mm / Bottom Shaft: 30mm,Top Shaft: 50mm / Bottom Shaft: 80mm,Müller Martini 4-Shaft Sigma Binder,,,,,
Müller Martini,QC-MU/TRE-FP-6,35 & 45mm,110mm,Müller Martini Trend Binder,,,,,
Müller Martini,SC-MU/ADJ-FP-01,30mm,50mm,"Corona, Bolero, Acoro, Norm Binder, Star Binder",,,,,
Müller Martini,SC-MU/ADJ-6C-FP,30mm,50mm,"Corona, Bolero, Acoro, Norm Binder, Star Binder",,,,,
Müller Martini,SC-MU/ADJ-LF-4C-FP,30mm,50mm,"Corona, Bolero, Acoro, Norm Binder, Star Binder",,,,,
Müller Martini,QC-MU-VA-FP-03,30mm,64mm,Müller Martini VareoBinder,,,,,
MB,EF-MB/20-FP,20mm,40mm,,,,,,
MB,FF-MB/20-FP,20mm,40mm,,,,,,
MB,FF-MB/20-FP-01,20mm,40mm,,,,,,
MB,PD-DEL-MB/20-FP,20mm,40mm,,,,,,
MB,MT-MB/PERF-OPTION-1,20mm Exit Shaft,40mm,MB (MB CAS 38/52),,,,,
MB,MT-MB/CUTTING-OPTION-2,20mm Exit Shaft,40mm,MB (MB CAS 38/52),,,,,
MB,MT-MB,20mm Exit Shaft,40mm,MB CAS 38/52,,,,,
MBO,CP-AP-MF/30-FP,30mm,50mm,,,,,,
MBO,CP-AP-SM/35-FP,35mm,58mm,,,,,,
MBO,CP-AP-MF/40-FP,40mm,58mm,,,,,,
MBO,EF-MF/30-FP,30mm,50mm,,,,,,
MBO,EF-MF/40-FIX,40mm,58mm,,,,,,
MBO,EF-SM/35-FIX,35mm,58mm,,,,,,
MBO,EF-SM/35-FP,35mm,58mm,,,,,,
MBO,TC-DEL-MF/60-FP,60mm,96mm,,,,,,
MBO,GB-MF/30-FP,30mm,50mm,,,,,,
MBO,GB-SM/35-FP,35mm,58mm,,,,,,
MBO,FF-MF/30-FP,30mm,50mm,,,,,,
MBO,FF-MF/30-FP-01,30mm,50mm,,,,,,
MBO,FF-MF/40-FIX-01,40mm,58mm,,,,,,
MBO,FF-SM/35-FIX,35mm,58mm,,,,,,
MBO,FF-SM/35-FIX-01,35mm,58mm,,,,,,
MBO,FF-SM/35-FP,35mm,58mm,,,,,,
MBO,FF-SM/35-FP-01,35mm,58mm,,,,,,
MBO,PD-DEL-MF/30-FP,30mm,50mm,,,,,,
MBO,PD-DEL-MF/40-FP,40mm,58mm,,,,,,
MBO,PD-DEL-SM/35-FP,35mm,58mm,,,,,,
MBO,SHC-04,35mm,58mm,,,,,,
MBO,SHC-ADJ/04-FP,35mm,58mm,,,,,,
MBO,SHC-ADJ-MF/30-FP,30mm,50mm,,,,,,
MBO,SHC-MF/30-01,30mm,50mm,,,,,,
MBO,SHC-STA-ADJ/04-FP,35mm,58mm,,,,,,
MBO,SHC-STA-ADJ/30-FP,30mm,50mm,,,,,,
MBO,MT-02/PERF-OPTION-1,35mm Exit Shaft,58mm,MBO (Machines with widths between 56-80cms),,,,,
MBO,MT-02/PERF-OPTION-1,35mm Exit Shaft,58mm,MBO (Machines with widths between 56-80cms),,,,,
MBO,MT-04/PERF-OPTION-1,30mm Exit Shaft,50mm,N/A,,,,,
MBO,MT-04/PERF-OPTION-1,30mm Exit Shaft,50mm,N/A,,,,,
MBO,MT-MF/40/PERF-OPTION-1,40mm Exit Shaft,58mm,N/A,,,,,
MBO,MT-02/CUTTING-OPTION-2,35mm Exit Shaft,58mm,MBO (Machines with widths between 56-80cms),,,,,
MBO,MT-04/CUTTING-OPTION-2,30mm Exit Shaft,50mm,N/A,,,,,
MBO,MT-MF/40/CUTTING-OPTION-2,40mm Exit Shaft,58mm,MBO (Machines with width 96cms),,,,,
MBO,MT-02/COMBO,35mm Exit Shaft,58mm,MBO (Machines with widths between 56-80cms),,,,,
MBO,MT-02/COMBO-FIX,35mm Exit Shaft,58mm,MBO (Machines with widths between 56-80cms),,,,,
MBO,MT-02/COMBO-01,35mm Exit Shaft,58mm,MBO (Machines with widths between 56-80cms),,,,,
MBO,MT-02/COMBO-FIX-01,35mm Exit Shaft,58mm,MBO (Machines with widths between 56-80cms),,,,,
MBO,MT-04/COMBO,30mm Exit Shaft,50mm,N/A,,,,,
MBO,MT-04/COMBO-FIX,30mm Exit Shaft,50mm,N/A,,,,,
MBO,MT-04/COMBO-01,30mm Exit Shaft,50mm,N/A,,,,,
MBO,MT-02,35mm Exit Shaft,58mm,Machines with widths between 56-80cms,,,,,
MBO,MT-02,35mm Exit Shaft,58mm,Machines with widths between 56-80cms,,,,,
MBO,MT-04,30mm Exit Shaft,50mm,N/A,,,,,
MBO,MT-04,30mm Exit Shaft,50mm,N/A,,,,,
MBO,MT-MF/40,40mm Exit Shaft,58mm,N/A,,,,,
MBO,MT-CR/30-CAS,30mm Exit Shaft,50mm,N/A,,,,,
MBO,MT-CR/30-CAS-01,30mm Exit Shaft,50mm,N/A,,,,,
MBO,MT-CR/35-CAS,35mm Exit Shaft,58mm,N/A,,,,,
MBO,MT-CR/35-CAS-FIX,35mm Exit Shaft,58mm,N/A,,,,,
MBO,MT-CR/35-CAS-01,35mm Exit Shaft,58mm,N/A,,,,,
MBO,MT-CR/40-CAS-FIX-01,40mm Exit Shaft,58mm,N/A,,,,,
MBO,EF-MF/30-DSF,30mm Exit Shaft,50mm,N/A,,,,,
MBO,EF-MF/30-FP-DSF-01-B,30mm Exit Shaft,50mm,N/A,,,,,
MBO,EF-SM/35-DSF,35mm Exit Shaft,58mm,N/A,,,,,
MBO,EF-SM/35-FP-DSF-01-B,35mm Exit Shaft,58mm,Stahl & MBO Folding Machines with widths from 56 - 80cm,,,,,
MBO,FF-MF/30-DSF,30mm Exit Shaft,50mm,N/A,,,,,
MBO,FF-MF/30-FP-DSF-01-B,30mm Exit Shaft,50mm,N/A,,,,,
MBO,FF-MF/40-DSF,40mm Exit Shaft,58mm,N/A,,,,,
MBO,FF-MF/40-FP-DSF-01-B,40mm Exit Shaft,58mm,N/A,,,,,
MBO,FF-SM/35-DSF,35mm Exit Shaft,58mm,Stahl & MBO Machines with widths 56 - 80cms,,,,,
MBO,FF-SM/35-FP-DSF-01-B,35mm Exit Shaft,58mm,Stahl & MBO Folding Machines with widths from 56 - 80cm,,,,,
McCain,SC-MC-01,N/A,N/A,McCain Machine,,,,,
MCM / DCM,EF-36-FIXED,36mm,58mm,,,,,,
MCM / DCM,QC-03,36mm,58mm,,,,,,
MCM / DCM,QC-GB-01,36mm,58mm,,,,,,
MCM / DCM,PD-DEL-QC/36-FP,36mm,58mm,,,,,,
MCM / DCM,SHC-03,36mm,58mm,,,,,,
MCM/DCM,CP-AP-QC/36-FP,36mm,58mm,,,,,,
MCM/DCM,MT-01/PERF-OPTION-1,36mm Exit Shaft,58mm,N/A,,,,,
MCM/DCM,MT-01/CUTTING-OPTION-2,36mm Exit Shaft,58mm,N/A,,,,,
MCM/DCM,MT-01 (MCM / DCM),36mm Exit Shaft,58mm,N/A,,,,,
MCM/DCM,FF-36-DSF,36mm Exit Shaft,58mm,N/A,,,,,
MCM/DCM,FF-36-DSF-SV,36mm Exit Shaft,58mm,N/A,,,,,
Morgana,FF-SH/15-FP-01-B,15mm,30mm,,,,,,
Morgana,FF-SH/15-FP-01-B-PACK,15mm,30mm,,,,,,
Morgana,PD-DEL-MO/15-FP-PACK,15mm,30mm,,,,,,
Osako,SC-OS-01,N/A,N/A,Tenner 310, Osako cover feeders that have an original red rubber matrix on the drum,,,,
Osako,SC-OS-02,N/A,N/A,Osako Cover Feeders similar to photo shown below,,,,,
Palamides,PD-PAL/MAILER-FP,8mm,48mm,,,,,,
Petratto,TC-DEL-FI/40-FP,40mm,60mm,,,,,,
Petratto,GB-PET/40-FP,40mm,60mm,,,,,,
Petratto,PD-DEL-PET/40-FP,40mm,60mm,,,,,,
Petratto,FF-PET/40-FP-DSF-01-B,40mm Exit Shaft,60mm,All Petratto 40mm diameter tooling shaft machines,,,,,
Pierce,EF-DEL-PE/26-FP,27mm,Male: 63.5mm / Female: 61.97mm,,,,,,
Pierce,FF-PI/27-FIX-01,27mm,Male: 63.7mm / Female: 61.97mm,,,,,,
Pivano GT,EF-PIV/32-FIX,32mm,46mm,,,,,,
Pratham Pharma,PH-PRATHAM/20-1,20mm,36mm,,,,,,
Pratham Pharma,PH-PRATHAM/30-1,30mm,50mm,,,,,,
Rollem,EF-RO/20-FP,25.43mm,Male: 61mm / Female: 63.5mm,,,,,,
Rollem,EF-RO/20-REV,25.43mm,Male: 62.35mm / Female: 62mm,,,,,,
Rollem,GB-RO,25.43mm,64mm,,,,,,
Rollem,FF-R0/25-FP-SV,25.43mm,Male: 61mm / Female: 63.5mm,,,,,,
Rollem,FF-RO/25-FP-01,25.43mm,Male: 61mm / Female: 63.5mm,,,,,,
Rollem,PD-DEL-RO/20-FP,25.43mm,Male: 61mm / Female: 64mm,,,,,,
Rollem,SHC-RO,25.43mm,64mm,,,,,,
Rollem,FF-RO/25-DSF,25.43mm Exit Shaft,63.5mm,All Rollem Creasing Machines,,,,,
Rollem,FF-RO/25-FP-DSF-01-B,25.43mm Exit Shaft,Male: 61mm / Female: 63.5mm,All Rollem Creasing Machines,,,,,
Rosback,EF-ROS/25-FP,25.43mm,Male: 63mm / Female: 62.34mm,,,,,,
Rosback,FF-ROS/25-FP,25.43mm,63mm,,,,,,
Rosback,FF-ROS/25-FP-01,25.43mm,Male: 63mm / Female: 62.34mm,,,,,,
Rosback,PD-DEL-ROS-BA/25-FP,25.43mm,63mm,,,,,,
Roto-Score,FF-RS-FP-01,"28.58mm/1 1/8""","50.24mm/2""",,,,,,
Shoei,EF-SH/35-FP,35mm,65mm,,,,,,
Shoei,FF-SH/15-FP-01-B,15mm,30mm,,,,,,
Shoei,FF-SH/15-FP-01-PACK,15mm,30mm,,,,,,
Shoei,FF-SH/55-FP,35mm,55mm,,,,,,
Shoei,FF-SH/65-45-FP,45mm,65mm,,,,,,
Shoei,FF-SH/65-FP,35mm,65mm,,,,,,
Shoei,PD-DEL-MO/15-FP-PACK,15mm,30mm,,,,,,
Shoei,MT-SH/55/PERF-OPTION-1,35mm Exit Shaft,55mm,Shoei (Shoei Folding Machines with 35mm diameter tooling shaft and 55mm roller outside diameter),,,,,
Shoei,MT-SH/65/PERF-OPTION-1,35mm Exit Shaft,65mm,Shoei (Shoei Folding Machines with 35mm diameter tooling shaft and 65mm roller outer diameter),,,,,
Shoei,MT-SH/55/CUTTING-OPTION-2,35mm Exit Shaft,55mm,N/A,,,,,
Shoei,MT-SH/65/CUTTING-OPTION-2,35mm Exit Shaft,65mm,N/A,,,,,
Shoei,MT-SH/COMBO-65,35mm Exit Shaft,65mm,N/A,,,,,
Shoei,MT-SH/55,35mm Exit Shaft,55mm,N/A,,,,,
Shoei,MT-SH/65,35mm Exit Shaft,65mm,N/A,,,,,
Shoei,MT-CR/SH-65-CAS,35mm Exit Shaft,65mm,N/A,,,,,
Sigloch,QC-MU/PO-FP-6,Top Shaft: 16mm Exit Shaft / Bottom Shaft: 30mm Exit Shaft,Top: 25mm / Bottom: 80mm,Müller Martini Pony Binder,,,,,
Smyth,FF-SMY/30-FP-01,30mm,64mm,,,,,,
Stahl/Heidelberg,EF-SM/35-FIX,35mm,58mm,,,,,,
Stahl/Heidelberg,EF-SM/35-FP,35mm,58mm,,,,,,
Web-Presses,PD-WEB,20mm,125mm,,,,,,
Web-Presses,TRI-WEB-01,Top Unit: 20mm / Bottom Unit: 101.6mm,Top Unit: 125mm / Bottom Unit: 124.64mm,Web Press,,,,,
Web-Presses,TRI-WEB-02,20mm,125mm,Web Press,,,,,
Web-Presses,TRI-WEB-03,20mm,100mm,Web Press,,,,,
Web-Presses,TRI-WEB-05,20mm,125mm,Web Press,,,,,
Wohlenberg,QC-DEL-MPB/30-FP-5,30mm Exit Shaft,50mm,Wohlenberg Quickmax Binder,,,,,
Wohlenberg,QC-DEL-WO/98-ENDFLAP-FP,30mm Exit Shaft,98mm,Wohlenberg Perfect Binding Machines (Champion, City E, Golf, Phoenix),,
Wohlenberg,QC-DEL-WO/98-FP-6,30mm Exit Shaft,98mm,Wohlenberg Perfect Binding Machines (Champion, City E, Golf, Phoenix),,
Wohlenberg,SC-MU/ADJ-FP-01,30mm Exit Shaft,50mm,Wohlenberg Quickmax Perfect Binding Machine,,,,,
Zander,FF-ZA-40-FP,40mm,100mm,,,,,,
